filename,status,timestamp,api_request_id,error_count,notes
image00002.jpg,SUCCESS,2025-11-07T14:49:02.770023Z,resp_09aeb837a0db1ae700690e06b98ff48197b162672b5e977fc2,0,Tokens: 0in/0out
image00003.jpg,SUCCESS,2025-11-07T14:49:20.687156Z,resp_0583c265b9864d9300690e06b82c1881a3835452ab82d5a819,0,Tokens: 0in/0out
image00004.jpg,SUCCESS,2025-11-07T14:49:15.467872Z,resp_039a58090aa5529900690e06b90268819db9ed85afda4abed3,0,Tokens: 0in/0out
image00005.jpg,SUCCESS,2025-11-07T14:49:08.053891Z,resp_087aa5440101202200690e06b8ff8081a38157041159fb4a41,0,Tokens: 0in/0out
image00006.jpg,SUCCESS,2025-11-07T14:49:08.806070Z,resp_058f8e552ba8071d00690e06b936a081918f4f063f384530b7,0,Tokens: 0in/0out
image00007.jpg,SUCCESS,2025-11-07T14:49:07.954221Z,resp_0be3cdbe544fe70b00690e06b899808196a3368481e7b43162,0,Tokens: 0in/0out
image00008.jpg,SUCCESS,2025-11-07T14:49:04.009815Z,resp_0f710df15c8b079f00690e06b8f548819d9b46198b0ec9c9a9,0,Tokens: 0in/0out
image00009.jpg,SUCCESS,2025-11-07T14:49:02.981352Z,resp_005b4d1cb7dd750100690e06b814bc819d9cf520e1db848bae,0,Tokens: 0in/0out
image00010.jpg,SUCCESS,2025-11-07T14:49:09.428280Z,resp_03b0802d4789127c00690e06b868c08193b7331528db9554d8,0,Tokens: 0in/0out
image00011.jpg,SUCCESS,2025-11-07T14:48:56.216837Z,resp_0cd91c4d5966404c00690e06b883108190a11fce04f3bf1239,0,Tokens: 0in/0out
image00012.jpg,SUCCESS,2025-11-07T14:49:00.954166Z,resp_0e4a648cace2e82000690e06b805048192b994525fa136a000,0,Tokens: 0in/0out
image00013.jpg,SUCCESS,2025-11-07T14:49:13.625756Z,resp_0d435f061238d4a500690e06b97d448195a65314a181942432,0,Tokens: 0in/0out
image00014.jpg,SUCCESS,2025-11-07T14:49:00.904106Z,resp_046d9ee9020042bc00690e06b9010c81a3adb45e1eb1c50573,0,Tokens: 0in/0out
image00015.jpg,SUCCESS,2025-11-07T14:48:56.218184Z,resp_035e2f57a038ca6a00690e06b7f214819da6c57c8ddc443324,0,Tokens: 0in/0out
image00016.jpg,SUCCESS,2025-11-07T14:49:00.096077Z,resp_06f14de3ee8c92da00690e06b8ea78819f8fa0ce5dc9e690e4,0,Tokens: 0in/0out
image00017.jpg,SUCCESS,2025-11-07T14:48:57.857298Z,resp_09bf42c0a0a786f200690e06b81bb08192b8baa557a69ba60b,0,Tokens: 0in/0out
image00018.jpg,SUCCESS,2025-11-07T14:49:06.246085Z,resp_0966830bf53486f100690e06b8121c819faf8f8c295a91e629,0,Tokens: 0in/0out
image00019.jpg,SUCCESS,2025-11-07T14:49:02.122739Z,resp_0b874396d1873fe700690e06b81c18819cb21782710c9f1fd0,0,Tokens: 0in/0out
image00020.jpg,SUCCESS,2025-11-07T14:49:15.466567Z,resp_0073a1a20867fe5200690e06b880bc8193ae073820b7cee153,0,Tokens: 0in/0out
image00021.jpg,SUCCESS,2025-11-07T14:49:13.154885Z,resp_0c5eb53d269df3d800690e06b8c1808191b6af811e2fb46fa0,0,Tokens: 0in/0out
image00022.jpg,SUCCESS,2025-11-07T14:49:11.588914Z,resp_0a44c14e1735cf6500690e06b8e0a4819e971f33a7ea4a4af1,0,Tokens: 0in/0out
image00023.jpg,SUCCESS,2025-11-07T14:49:10.459078Z,resp_01f9c29a49cf41f800690e06b8e1a4819c9e1df2ee8caa23c5,0,Tokens: 0in/0out
image00024.jpg,SUCCESS,2025-11-07T14:49:10.450632Z,resp_0d0bda6ffecd942300690e06b91ee881968fc2da8af5021220,0,Tokens: 0in/0out
image00025.jpg,SUCCESS,2025-11-07T14:49:14.011318Z,resp_011fa8b0e512784f00690e06b8de1481a2bb192739deea91ee,0,Tokens: 0in/0out
image00026.jpg,SUCCESS,2025-11-07T14:49:14.010201Z,resp_09615e82bdec91d800690e06b8d45c819e9e6035da81fa944e,0,Tokens: 0in/0out
